Trial,gc,FreqInlineSize,MaxInlineLevel,MinInliningThreshold,CompileThreshold,CompileThresholdScaling,ConcGCThreads,InlineSmallCode,LoopUnrollLimit,LoopUnrollMin,MinSurvivorRatio,NewRatio,TieredStopAtLevel,TieredCompilation,AllowParallelDefineClass,AllowVectorizeOnDemand,AlwaysCompileLoopMethods,AlwaysPreTouch,AlwaysTenure,BackgroundCompilation,DoEscapeAnalysis,UseInlineCaches,UseLoopPredicate,UseStringDeduplication,UseSuperWord,UseTypeSpeculation,StackTraceInThrowable,nettyBufferCheck,Instances,Throughput,Responsetime,MEM_MEAN,CPU_MEAN,CPU_MIN,CPU_MAX,MEM_MIN,MEM_MAX,CLUSTER_MEM%,CLUSTER_CPU%,CPU_REQ,MEM_REQ,CPU_LIM,MEM_LIM,WEB_ERRORS
91,ParallelGC,347,30,29,2880,5.1,4,3225,218,3,39,1,4,FALSE,TRUE,FALSE,FALSE,FALSE,FALSE,TRUE,TRUE,TRUE,TRUE,TRUE,TRUE,FALSE,TRUE,TRUE,1,749.7,4.83333,790.59,1.52477,1.22264738222222,2.1048558778571,775,805,0,3.75926,3.9,3563.0M,3.9,3563.0M,0
85,ParallelGC,357,36,81,2640,5.1,5,3155,224,4,33,1,4,FALSE,TRUE,FALSE,FALSE,FALSE,FALSE,TRUE,TRUE,TRUE,TRUE,TRUE,TRUE,FALSE,TRUE,TRUE,1,749.233,4.83333,733.582,1.61862,1.28250328268519,2.20117315707407,722,751,0,3.59281,3.9,2819.0M,3.9,2819.0M,0
51,ParallelGC,424,49,3,3370,5.3,3,2100,174,4,3,1,3,FALSE,TRUE,FALSE,TRUE,FALSE,TRUE,FALSE,TRUE,TRUE,TRUE,TRUE,TRUE,TRUE,TRUE,FALSE,1,749.15,5,966.436,1.5918,1.40127270418889,1.99313159242222,944,983,0,3.79663,4,4272.0M,4,4272.0M,0
92,ParallelGC,353,30,117,2980,6.3,4,3215,233,18,42,1,4,FALSE,TRUE,FALSE,FALSE,FALSE,FALSE,TRUE,TRUE,TRUE,TRUE,TRUE,TRUE,FALSE,TRUE,TRUE,1,748.883,4.33333,782.182,1.58899,1.22656962103333,2.1047680089979,748,815,0,3.58969,3.9,3235.0M,3.9,3235.0M,0
98,ParallelGC,332,30,90,2950,8.5,4,3005,247,18,40,2,4,TRUE,TRUE,FALSE,FALSE,FALSE,FALSE,TRUE,TRUE,TRUE,TRUE,TRUE,TRUE,FALSE,TRUE,TRUE,1,748.833,5.33333,672.704,1.66006,1.33637450943704,2.12393786356309,644,718,0,3.76087,4,2955.0M,4,2955.0M,0
80,ParallelGC,360,46,14,2650,4.7,4,3235,201,5,33,1,4,FALSE,TRUE,FALSE,FALSE,FALSE,FALSE,TRUE,TRUE,TRUE,TRUE,TRUE,TRUE,FALSE,TRUE,TRUE,1,748.583,5.16667,848.55,1.61996,1.30491095171852,2.22132654704074,816,875,0,3.52174,3.8,3778.0M,3.8,3778.0M,0
99,ParallelGC,334,30,91,2860,8.7,4,3035,248,18,39,2,4,TRUE,TRUE,FALSE,FALSE,FALSE,FALSE,TRUE,TRUE,TRUE,TRUE,TRUE,TRUE,FALSE,TRUE,TRUE,1,748.567,5.16667,652.869,1.66121,1.34890224128148,2.104021867052,636,667,0,3.55769,4,2932.0M,4,2932.0M,0
17,ParallelGC,496,50,7,3230,3.2,3,3440,163,18,3,1,3,FALSE,TRUE,FALSE,TRUE,FALSE,FALSE,FALSE,TRUE,TRUE,TRUE,TRUE,TRUE,TRUE,TRUE,FALSE,1,748.517,5.33333,944.808,1.49906,1.25836986765926,1.91206577068148,930,963,0,3.84903,4,4320.0M,4,4320.0M,0
21,ParallelGC,365,50,6,3160,5.4,3,2270,180,9,3,1,3,FALSE,TRUE,FALSE,TRUE,FALSE,FALSE,FALSE,TRUE,TRUE,TRUE,TRUE,TRUE,TRUE,TRUE,FALSE,1,748.35,5.33333,886.236,1.55866,1.36528627972593,1.99155325803135,852,914,0,3.77355,4,4160.0M,4,4160.0M,0
93,ParallelGC,350,29,118,2880,7.2,4,3340,250,16,42,1,4,FALSE,TRUE,FALSE,FALSE,FALSE,FALSE,TRUE,TRUE,TRUE,TRUE,TRUE,TRUE,FALSE,TRUE,TRUE,1,748.25,5.16667,798.35,1.69855,1.23249314667778,2.33239016519259,774,818,0,3.71332,3.9,3146.0M,3.9,3146.0M,0
83,ParallelGC,355,48,20,1560,5.4,4,3205,240,5,31,1,4,FALSE,TRUE,FALSE,FALSE,FALSE,FALSE,TRUE,TRUE,TRUE,TRUE,TRUE,TRUE,FALSE,TRUE,TRUE,1,748.15,5.33333,915.27,1.63723,1.28035034634815,2.27106034004444,900,931,0,3.76058,3.9,4297.0M,3.9,4297.0M,0
81,ParallelGC,356,48,12,2680,4.9,4,3220,203,4,33,1,4,FALSE,TRUE,FALSE,FALSE,FALSE,FALSE,TRUE,TRUE,TRUE,TRUE,TRUE,TRUE,FALSE,TRUE,TRUE,1,748,5.5,834.833,1.49592,1.17758029567778,2.0313527447963,812,854,0,3.73206,3.8,3736.0M,3.8,3736.0M,0
97,ParallelGC,331,31,91,2900,7.3,4,3005,246,18,39,1,4,FALSE,TRUE,FALSE,FALSE,FALSE,FALSE,TRUE,TRUE,TRUE,TRUE,TRUE,TRUE,FALSE,TRUE,TRUE,1,747.733,5.16667,758.363,1.60841,1.32494365781482,2.20640983742212,744,777,0,3.67675,4,2949.0M,4,2949.0M,0
36,ParallelGC,386,34,139,3860,4,5,3185,181,20,8,1,3,FALSE,TRUE,FALSE,TRUE,FALSE,TRUE,TRUE,TRUE,FALSE,TRUE,TRUE,FALSE,TRUE,TRUE,TRUE,1,747.533,5.5,874.898,1.62369,1.20684433590741,2.18032327374815,845,891,0,3.66381,3.9,2759.0M,3.9,2759.0M,0
31,ParallelGC,422,50,2,3430,5.1,3,2225,192,3,3,1,3,FALSE,TRUE,FALSE,TRUE,FALSE,TRUE,FALSE,TRUE,TRUE,TRUE,TRUE,TRUE,TRUE,TRUE,FALSE,1,746.933,6,956.284,1.63546,1.40772424438148,2.06051161486296,941,972,0,3.58557,4,4231.0M,4,4231.0M,0
95,ParallelGC,341,30,112,2970,7.4,4,3025,230,18,43,1,4,FALSE,TRUE,FALSE,FALSE,FALSE,FALSE,TRUE,TRUE,TRUE,TRUE,TRUE,TRUE,FALSE,TRUE,TRUE,1,746.783,4.66667,779.601,1.59732,1.27428812557778,2.17076312218518,738,833,0,3.66553,3.9,3172.0M,3.9,3172.0M,0
15,ParallelGC,428,50,3,3480,5.1,3,2205,175,5,3,1,3,FALSE,TRUE,FALSE,TRUE,FALSE,TRUE,FALSE,TRUE,TRUE,TRUE,TRUE,TRUE,TRUE,TRUE,FALSE,1,746.45,6,977.592,1.68592,1.37949346709259,2.1763749376037,957,998,0,3.71799,4,4288.0M,4,4288.0M,0
96,ParallelGC,339,27,115,1680,7.4,4,3655,235,17,43,1,4,FALSE,TRUE,FALSE,FALSE,FALSE,FALSE,TRUE,TRUE,TRUE,TRUE,TRUE,TRUE,FALSE,TRUE,TRUE,1,746.433,5.5,772.597,1.62271,1.26852103713704,2.20312711413704,760,786,0,3.8441,3.7,3118.0M,3.7,3118.0M,0
72,ParallelGC,431,50,13,3800,3.9,3,1890,179,0,5,1,3,FALSE,TRUE,FALSE,TRUE,FALSE,TRUE,FALSE,TRUE,TRUE,TRUE,TRUE,TRUE,TRUE,TRUE,FALSE,1,746.283,6.16667,960.031,1.66175,1.33015342124444,2.11913583628148,954,970,0,3.78879,4,3729.0M,4,3729.0M,0
71,ParallelGC,435,50,5,3640,4,3,2160,177,1,3,1,3,FALSE,TRUE,FALSE,TRUE,FALSE,TRUE,FALSE,TRUE,TRUE,TRUE,TRUE,TRUE,TRUE,TRUE,FALSE,1,745.833,6.33333,929.472,1.63936,1.39683041338519,2.02740127478518,909,951,0,3.69672,4,3892.0M,4,3892.0M,0
14,ParallelGC,428,50,3,3920,5,3,3180,129,20,7,1,3,FALSE,TRUE,FALSE,TRUE,FALSE,FALSE,FALSE,TRUE,TRUE,TRUE,TRUE,FALSE,TRUE,TRUE,FALSE,1,744.733,5.33333,895.778,1.63122,1.36573985065926,2.05629520567778,849,935,0,4.16776,3.9,4181.0M,3.9,4181.0M,0
61,ParallelGC,433,50,4,3620,5.1,3,2125,178,3,3,1,3,FALSE,TRUE,FALSE,TRUE,FALSE,TRUE,FALSE,TRUE,TRUE,TRUE,TRUE,TRUE,TRUE,TRUE,FALSE,1,743.917,6.33333,912.567,1.69889,1.41333964963333,2.15069283056667,892,935,0,3.8237,4,3905.0M,4,3905.0M,0
94,ParallelGC,347,29,118,3130,8,4,3365,249,16,42,2,4,FALSE,TRUE,FALSE,FALSE,FALSE,FALSE,TRUE,TRUE,TRUE,TRUE,TRUE,TRUE,FALSE,TRUE,TRUE,1,742.833,5.5,665.908,1.69784,1.25033509721111,2.32140094276296,653,675,0,3.65832,3.9,3267.0M,3.9,3267.0M,0
42,ParallelGC,396,46,94,2570,4.6,3,3100,143,17,5,1,3,FALSE,TRUE,FALSE,TRUE,FALSE,TRUE,TRUE,TRUE,FALSE,TRUE,TRUE,FALSE,TRUE,TRUE,TRUE,1,742.617,6.33333,1036.33,1.70223,1.43664408548889,2.26522239436667,1015,1062,0,3.65813,3.9,4006.0M,3.9,4006.0M,0
26,ParallelGC,418,47,15,2950,2.3,4,1715,250,16,6,1,4,TRUE,TRUE,FALSE,FALSE,FALSE,FALSE,FALSE,TRUE,TRUE,TRUE,FALSE,TRUE,TRUE,TRUE,FALSE,1,742.567,8,769.447,1.59919,1.33078329075185,2.05222406275228,737,800,0,3.80108,4,2907.0M,4,2907.0M,0
22,ParallelGC,362,47,21,2740,3.4,3,3220,190,9,7,2,3,FALSE,TRUE,FALSE,TRUE,FALSE,FALSE,FALSE,TRUE,TRUE,TRUE,TRUE,TRUE,TRUE,TRUE,FALSE,1,741.633,8.16667,703.14,1.62191,1.31464379828889,1.99230029598889,668,727,0,3.79937,4,3790.0M,4,3790.0M,0
82,ParallelGC,363,46,8,1880,4.7,5,3260,203,6,36,1,4,FALSE,TRUE,FALSE,FALSE,FALSE,FALSE,TRUE,TRUE,TRUE,TRUE,TRUE,TRUE,FALSE,TRUE,TRUE,1,740.467,8,853.895,1.72406,1.33131261873704,2.30714638456667,839,869,0,3.66349,3.8,3818.0M,3.8,3818.0M,0
65,ParallelGC,475,46,5,4710,5.6,2,1655,130,1,3,2,2,FALSE,TRUE,FALSE,TRUE,FALSE,TRUE,FALSE,TRUE,TRUE,TRUE,TRUE,TRUE,TRUE,TRUE,FALSE,1,739.7,7,845.251,1.69179,1.28929625997037,2.2100893125037,827,861,0,3.55865,3.8,5146.0M,3.8,5146.0M,0
62,ParallelGC,427,47,0,3250,4.9,3,2225,170,5,4,2,3,FALSE,TRUE,FALSE,TRUE,FALSE,TRUE,FALSE,TRUE,TRUE,TRUE,TRUE,TRUE,TRUE,TRUE,FALSE,1,738.233,8.33333,810.723,1.70421,1.3934335754037,1.98439085492593,781,836,0,3.68944,4,4244.0M,4,4244.0M,0
41,ParallelGC,357,48,11,3690,7,4,2800,196,19,3,1,3,FALSE,TRUE,FALSE,TRUE,FALSE,TRUE,TRUE,TRUE,FALSE,TRUE,TRUE,FALSE,TRUE,TRUE,TRUE,1,737.233,7.16667,1098.47,1.74162,1.2999484864,2.21675789026296,1072,1130,0,3.75197,3.9,4592.0M,3.9,4592.0M,0
43,ParallelGC,422,39,20,3290,3.6,5,4100,184,20,7,1,3,FALSE,TRUE,FALSE,TRUE,FALSE,TRUE,TRUE,TRUE,TRUE,TRUE,TRUE,FALSE,TRUE,TRUE,TRUE,1,735.783,10.8333,1189.5,1.60645,1.34086544625185,2.1624042396,1134,1230,0,3.73519,3.7,5014.0M,3.7,5014.0M,0
74,ParallelGC,450,49,0,3360,2.2,3,1795,186,8,5,1,3,FALSE,TRUE,FALSE,TRUE,FALSE,TRUE,FALSE,TRUE,TRUE,TRUE,TRUE,TRUE,TRUE,TRUE,FALSE,1,733.683,11.5,928.814,1.68682,1.31220992277037,2.02752761507407,894,966,0,3.81161,3.9,3696.0M,3.9,3696.0M,0
57,ParallelGC,458,43,45,4010,3.9,3,2685,213,20,7,2,3,FALSE,TRUE,FALSE,TRUE,FALSE,FALSE,FALSE,TRUE,TRUE,TRUE,TRUE,FALSE,TRUE,TRUE,FALSE,1,732,12.1667,758.586,1.66355,1.36602739833704,2.07361870162593,720,781,0,3.73416,3.9,4517.0M,3.9,4517.0M,0
52,ParallelGC,408,49,0,3290,6.2,3,2050,188,5,3,1,3,FALSE,TRUE,FALSE,TRUE,FALSE,TRUE,FALSE,TRUE,TRUE,TRUE,TRUE,TRUE,TRUE,TRUE,FALSE,1,730.767,11.1667,1015.58,1.72957,1.40327907461111,2.1618288741037,967,1064,0,3.78595,4,4574.0M,4,4574.0M,0
27,ParallelGC,416,28,72,5250,7.8,5,3100,140,14,12,3,2,FALSE,TRUE,FALSE,TRUE,FALSE,FALSE,FALSE,TRUE,TRUE,TRUE,TRUE,TRUE,TRUE,TRUE,FALSE,1,711.833,20.6667,647.235,1.85429,1.48478865044444,2.33332068701852,634,678,0,3.89646,3.8,4754.0M,3.8,4754.0M,0
87,ParallelGC,373,35,101,2610,6.9,5,3435,222,5,32,1,4,FALSE,TRUE,FALSE,FALSE,FALSE,FALSE,TRUE,TRUE,TRUE,TRUE,FALSE,FALSE,FALSE,TRUE,TRUE,1,711.283,22.1667,765.082,1.65816,1.30257554857407,2.15626256542963,737,793,0,3.80042,3.6,2804.0M,3.6,2804.0M,0
32,ParallelGC,403,47,11,4220,4,3,1850,194,0,6,2,3,FALSE,TRUE,FALSE,TRUE,FALSE,TRUE,FALSE,TRUE,TRUE,TRUE,TRUE,TRUE,TRUE,TRUE,FALSE,1,710.45,21.5,765.053,1.86015,1.53918080304141,2.21572599024317,704,801,0,3.63978,4,3386.0M,4,3386.0M,0
55,ParallelGC,410,49,8,2840,8.2,3,2385,170,0,9,1,3,FALSE,TRUE,FALSE,TRUE,FALSE,TRUE,FALSE,TRUE,TRUE,TRUE,TRUE,TRUE,TRUE,TRUE,FALSE,1,710.4,21.3333,927.437,1.72898,1.44531885388519,2.14597910058519,893,961,0,3.64751,3.8,3668.0M,3.8,3668.0M,0
13,ParallelGC,431,14,39,3940,4.8,2,2610,107,6,6,1,3,FALSE,TRUE,FALSE,TRUE,FALSE,TRUE,FALSE,TRUE,TRUE,TRUE,TRUE,FALSE,TRUE,TRUE,FALSE,1,704.533,23.6667,755.015,1.70806,1.28253847494444,2.16850253978148,733,792,0,3.92781,3.8,2542.0M,3.8,2542.0M,0
23,ParallelGC,367,48,4,1400,5.7,4,3960,164,13,3,1,2,FALSE,TRUE,FALSE,TRUE,FALSE,FALSE,FALSE,TRUE,TRUE,TRUE,TRUE,TRUE,TRUE,TRUE,FALSE,1,697.417,27,969.304,1.67705,1.43581171055556,1.98308861268519,933,998,0,3.67456,3.7,4897.0M,3.7,4897.0M,0
33,ParallelGC,446,44,26,1860,6.5,4,2525,165,3,5,1,2,FALSE,TRUE,FALSE,TRUE,FALSE,FALSE,FALSE,TRUE,TRUE,TRUE,TRUE,TRUE,TRUE,TRUE,FALSE,1,696.65,28.6667,919.458,1.74034,1.43901770205556,2.1018654994963,878,952,0,3.72171,3.8,4715.0M,3.8,4715.0M,0
64,ParallelGC,412,48,14,2700,7.6,4,3030,192,7,5,9,3,FALSE,TRUE,FALSE,TRUE,FALSE,TRUE,FALSE,TRUE,TRUE,TRUE,TRUE,TRUE,TRUE,TRUE,FALSE,1,692.833,29.8333,621.441,1.81366,1.47450538163704,2.22391441315923,573,662,0,3.684,3.9,4700.0M,3.9,4700.0M,0
34,ParallelGC,397,50,0,5030,4.5,3,2030,129,18,20,2,3,FALSE,TRUE,FALSE,TRUE,FALSE,TRUE,TRUE,FALSE,FALSE,TRUE,FALSE,TRUE,FALSE,TRUE,TRUE,1,690.883,32,836.811,1.83529,1.47054763238519,2.24265601745185,816,891,0,3.89283,3.8,4041.0M,3.8,4041.0M,0
84,ParallelGC,345,48,19,1450,5.4,4,3640,241,3,30,1,4,FALSE,TRUE,FALSE,FALSE,FALSE,FALSE,TRUE,TRUE,TRUE,TRUE,TRUE,TRUE,FALSE,TRUE,TRUE,1,689.917,30.8333,904.09,1.73831,1.34924254144815,2.23498627024122,889,938,0,3.65364,3.7,4245.0M,3.7,4245.0M,0
78,ParallelGC,442,32,129,4040,6.5,4,3485,194,20,25,6,3,FALSE,FALSE,FALSE,TRUE,FALSE,FALSE,FALSE,TRUE,FALSE,TRUE,TRUE,FALSE,TRUE,TRUE,FALSE,1,689.333,32,540.82,1.90201,1.5096117456,2.3299218949037,515,560,0,3.95728,4,4608.0M,4,4608.0M,0
73,ParallelGC,429,48,11,3850,3.1,3,1600,209,0,7,2,3,FALSE,TRUE,FALSE,TRUE,FALSE,TRUE,FALSE,TRUE,TRUE,TRUE,TRUE,TRUE,TRUE,TRUE,FALSE,1,685.9,32.8333,709.568,1.78517,1.50978222404936,2.13398435591111,680,735,0,3.77495,3.8,3284.0M,3.8,3284.0M,0
69,ParallelGC,491,45,27,5420,6.2,5,3380,164,3,11,3,4,FALSE,TRUE,FALSE,FALSE,FALSE,FALSE,TRUE,TRUE,TRUE,TRUE,FALSE,FALSE,FALSE,TRUE,TRUE,1,683.933,35.5,673.225,1.83847,1.52187148634074,2.27579039919259,615,716,0,3.80827,3.7,4109.0M,3.7,4109.0M,0
63,ParallelGC,441,50,24,3590,6.7,3,1895,159,4,9,1,3,FALSE,TRUE,FALSE,TRUE,FALSE,TRUE,FALSE,TRUE,TRUE,TRUE,TRUE,TRUE,TRUE,TRUE,FALSE,1,678.1,37.8333,954.877,1.79503,1.54072593608519,2.16116039532593,896,1011,0,3.85713,3.7,3613.0M,3.7,3613.0M,0
59,ParallelGC,425,15,8,1120,10.1,4,2450,188,7,13,1,3,FALSE,TRUE,FALSE,TRUE,TRUE,FALSE,FALSE,TRUE,TRUE,TRUE,TRUE,TRUE,FALSE,TRUE,FALSE,1,657.033,47.8333,1058.81,1.71635,1.52233184127407,2.03245866061111,1025,1083,0,3.75265,3.6,5385.0M,3.6,5385.0M,0
89,G1GC,337,36,57,1990,4.2,5,3830,241,6,34,2,4,FALSE,TRUE,TRUE,FALSE,FALSE,FALSE,TRUE,TRUE,TRUE,TRUE,TRUE,TRUE,FALSE,TRUE,TRUE,1,655.883,48.1667,747.624,1.89891,1.5763059421,2.43962391658519,725,772,0,3.87894,3.8,2542.0M,3.8,2542.0M,0
66,G1GC,442,49,19,7670,4.3,3,2275,182,18,6,1,3,FALSE,TRUE,TRUE,TRUE,FALSE,FALSE,FALSE,FALSE,TRUE,TRUE,TRUE,TRUE,TRUE,TRUE,FALSE,1,654.683,50.3333,823.41,2.00837,1.67470262071111,2.38972285087257,779,860,0,3.78216,4,4408.0M,4,4408.0M,0
70,SerialGC,419,47,6,2140,4.6,2,2515,119,4,4,1,3,FALSE,TRUE,FALSE,TRUE,FALSE,TRUE,FALSE,TRUE,TRUE,TRUE,TRUE,TRUE,TRUE,TRUE,FALSE,1,646.367,53.5,558.93,1.83322,1.59454593533704,2.13316018276667,553,569,0,3.75877,3.9,2633.0M,3.9,2633.0M,0
54,G1GC,436,48,37,4440,3.4,4,1745,199,4,12,1,3,FALSE,TRUE,FALSE,TRUE,FALSE,TRUE,FALSE,TRUE,TRUE,TRUE,TRUE,TRUE,TRUE,TRUE,FALSE,1,638.183,57.6667,1353.02,1.8812,1.66409172952222,2.24125841298889,1242,1390,0,3.85555,3.9,4290.0M,3.9,4290.0M,0
49,ParallelGC,488,42,21,8650,2.5,7,2595,151,19,22,4,2,FALSE,FALSE,FALSE,TRUE,TRUE,TRUE,FALSE,TRUE,TRUE,FALSE,FALSE,TRUE,TRUE,TRUE,FALSE,1,637.483,58.3333,759.746,1.75573,1.46407570748889,2.10878383497778,734,823,0,3.73031,3.6,5465.0M,3.6,5465.0M,0
53,ParallelGC,451,46,25,2210,5.4,2,1435,174,2,5,2,3,FALSE,TRUE,FALSE,TRUE,FALSE,TRUE,FALSE,TRUE,TRUE,TRUE,TRUE,TRUE,TRUE,TRUE,FALSE,1,632.967,61.1667,750.89,1.75575,1.48447378447778,2.06652546754074,724,768,0,3.70341,3.7,3935.0M,3.7,3935.0M,0
46,G1GC,405,43,39,5680,4.3,3,3650,205,10,19,2,3,FALSE,FALSE,FALSE,TRUE,FALSE,TRUE,FALSE,TRUE,TRUE,TRUE,TRUE,TRUE,TRUE,TRUE,TRUE,1,632.567,61.1667,1215.76,1.86135,1.61235366299259,2.28010227932222,975,1455,0,3.86385,3.8,4389.0M,3.8,4389.0M,0
79,ParallelGC,418,44,23,3430,12.8,3,2340,172,1,11,2,1,FALSE,TRUE,FALSE,TRUE,FALSE,TRUE,FALSE,TRUE,TRUE,TRUE,TRUE,TRUE,TRUE,TRUE,FALSE,1,631.367,62.8333,782.769,1.93595,1.58226123627407,2.24261513402255,744,834,0,3.93965,3.7,4119.0M,3.7,4119.0M,0
25,ParallelGC,446,38,47,4180,3.7,3,2940,207,19,14,2,3,FALSE,TRUE,FALSE,TRUE,FALSE,FALSE,FALSE,TRUE,TRUE,TRUE,TRUE,TRUE,TRUE,TRUE,FALSE,1,628.233,65.3333,739.117,1.7084,1.45799440999259,1.99014791961027,734,746,0,3.80831,3.4,3779.0M,3.4,3779.0M,0
16,ParallelGC,429,50,0,3720,5.7,4,1930,183,4,10,3,2,FALSE,TRUE,FALSE,TRUE,FALSE,TRUE,FALSE,TRUE,TRUE,TRUE,TRUE,TRUE,TRUE,TRUE,FALSE,1,625.867,65.5,752.202,1.7467,1.42625423624815,2.11494339753333,713,814,0,3.72518,3.6,4415.0M,3.6,4415.0M,0
24,ParallelGC,483,42,33,4570,6.1,2,2370,132,8,8,3,3,FALSE,TRUE,FALSE,TRUE,FALSE,FALSE,FALSE,TRUE,TRUE,TRUE,TRUE,TRUE,TRUE,TRUE,FALSE,1,619.867,68.3333,720.614,1.74478,1.53031071131481,2.11298273386296,695,779,0,3.6846,3.5,5868.0M,3.5,5868.0M,0
45,ParallelGC,437,23,172,2420,2.7,2,2365,169,7,8,1,3,FALSE,TRUE,FALSE,TRUE,TRUE,TRUE,FALSE,TRUE,TRUE,TRUE,TRUE,FALSE,TRUE,TRUE,FALSE,1,613.233,72.8333,875.419,1.66558,1.4348907002,1.91052014600741,840,934,0,3.75841,3.4,3091.0M,3.4,3091.0M,0
29,ParallelGC,478,45,29,3410,8.9,6,1265,69,13,3,5,4,FALSE,TRUE,TRUE,TRUE,FALSE,FALSE,FALSE,FALSE,FALSE,FALSE,FALSE,FALSE,FALSE,TRUE,FALSE,1,612.717,72.8333,580.074,1.88323,1.60121480685926,2.24903864328519,526,613,0,3.87573,3.7,5486.0M,3.7,5486.0M,0
86,ShenandoahGC,360,34,143,1620,5.9,5,3145,237,4,36,2,4,FALSE,TRUE,FALSE,FALSE,FALSE,FALSE,TRUE,TRUE,TRUE,TRUE,TRUE,TRUE,FALSE,TRUE,TRUE,1,607.983,75.8333,910.535,1.97944,1.64498737427037,2.49135427813453,888,939,0,3.76934,3.9,2335.0M,3.9,2335.0M,0
37,ShenandoahGC,378,34,129,4310,2.9,7,4465,110,20,26,4,1,FALSE,TRUE,TRUE,FALSE,TRUE,FALSE,TRUE,FALSE,FALSE,TRUE,FALSE,FALSE,FALSE,TRUE,TRUE,1,565.317,103.833,1078.26,1.94576,1.63732119117407,2.39750124018501,1038,1160,0,3.8303,3.6,2893.0M,3.6,2893.0M,0
90,ZGC,357,38,76,2750,5.4,4,2820,214,4,34,1,4,FALSE,FALSE,FALSE,FALSE,TRUE,FALSE,TRUE,FALSE,TRUE,FALSE,TRUE,FALSE,FALSE,TRUE,TRUE,1,530.567,130.5,429.999,1.82354,1.50005741339259,2.21727464220037,427,432,0,3.80605,3.4,4755.0M,3.4,4755.0M,0
68,ShenandoahGC,401,41,69,3060,5.2,3,2020,199,6,7,1,2,FALSE,TRUE,FALSE,TRUE,FALSE,TRUE,FALSE,TRUE,TRUE,TRUE,TRUE,TRUE,TRUE,TRUE,FALSE,1,518.05,140.167,1082.57,1.804,1.57658299392593,2.06225101251481,1058,1141,0,3.77101,3.3,3422.0M,3.3,3422.0M,0
39,ParallelGC,388,31,162,1650,2,5,2760,40,19,8,8,4,FALSE,TRUE,TRUE,TRUE,FALSE,FALSE,TRUE,FALSE,FALSE,TRUE,TRUE,FALSE,TRUE,TRUE,TRUE,1,509.45,148.5,563.977,1.73873,1.44495079727407,2.14676144768148,501,601,0,3.73716,3.2,1806.0M,3.2,1806.0M,0
56,ZGC,422,46,15,9870,5.7,2,2870,159,5,4,2,4,TRUE,TRUE,FALSE,TRUE,FALSE,TRUE,FALSE,TRUE,TRUE,TRUE,TRUE,TRUE,TRUE,TRUE,FALSE,1,502.233,155,460.772,1.93708,1.61044118615926,2.21102189574074,450,472,0,3.8586,3.5,2082.0M,3.5,2082.0M,0
19,ZGC,500,45,141,3130,8.5,8,3425,203,17,10,2,2,FALSE,TRUE,FALSE,TRUE,FALSE,FALSE,FALSE,TRUE,TRUE,TRUE,TRUE,TRUE,TRUE,TRUE,FALSE,1,498.267,157.833,372.918,1.96162,1.70957767143704,2.27424905791852,362,383,0,3.74937,3.6,3855.0M,3.6,3855.0M,0
12,G1GC,383,9,45,7150,1.8,1,2595,93,6,4,6,3,FALSE,TRUE,FALSE,TRUE,FALSE,TRUE,FALSE,TRUE,TRUE,TRUE,TRUE,FALSE,TRUE,TRUE,FALSE,1,465.5,189.5,1008.08,1.61102,1.42534553744444,1.83358691677407,1005,1011,0,3.83831,2.9,2411.0M,2.9,2411.0M,0
28,ZGC,369,50,193,1930,14.9,2,4505,162,3,17,2,3,FALSE,TRUE,FALSE,TRUE,FALSE,FALSE,FALSE,TRUE,TRUE,TRUE,TRUE,TRUE,TRUE,TRUE,FALSE,1,423.333,238.5,377.694,1.72626,1.49742859924074,1.98025954673333,361,392,0,3.71261,3.1,4108.0M,3.1,4108.0M,0
11,G1GC,379,11,61,6770,1.6,1,705,85,6,41,7,4,FALSE,TRUE,FALSE,TRUE,FALSE,TRUE,FALSE,FALSE,TRUE,TRUE,TRUE,FALSE,TRUE,TRUE,FALSE,1,402.283,267.667,903.864,1.51042,1.31953430036296,1.70882695667037,899,907,0,3.74237,2.7,2133.0M,2.7,2133.0M,0
60,ParallelGC,325,44,32,4890,1.6,2,1065,148,2,6,7,4,FALSE,FALSE,FALSE,TRUE,FALSE,FALSE,FALSE,TRUE,TRUE,TRUE,FALSE,FALSE,TRUE,TRUE,FALSE,1,382.083,295.5,565.565,1.28141,1.1210153703037,1.47386381937778,551,592,0,3.59752,2.3,4261.0M,2.3,4261.0M,0
48,SerialGC,389,50,107,3550,7.1,4,3095,122,17,38,10,3,FALSE,TRUE,TRUE,FALSE,FALSE,FALSE,FALSE,FALSE,FALSE,TRUE,TRUE,FALSE,TRUE,TRUE,FALSE,1,349.317,352.333,441.233,1.57334,1.3935909354037,1.82175954864569,425,455,0,3.64886,2.9,3202.0M,2.9,3202.0M,0
18,ParallelGC,497,44,32,2280,3.1,5,3500,147,18,10,4,1,TRUE,TRUE,FALSE,FALSE,FALSE,FALSE,FALSE,TRUE,TRUE,TRUE,FALSE,TRUE,TRUE,TRUE,FALSE,1,335.033,380.333,580.943,1.96719,1.68202641051852,2.23017517741481,530,625,0,3.82683,3.5,5177.0M,3.5,5177.0M,0
3,G1GC,334,23,109,5830,4.2,1,920,33,12,41,9,4,FALSE,TRUE,TRUE,TRUE,FALSE,TRUE,TRUE,FALSE,TRUE,FALSE,TRUE,FALSE,FALSE,TRUE,TRUE,1,328.6,391.667,823.282,1.41269,1.23085139034444,1.62838016028889,821,825,0,3.57453,2.5,1686.0M,2.5,1686.0M,0
30,ShenandoahGC,354,40,53,2530,5.1,8,3735,224,8,8,1,0,FALSE,TRUE,FALSE,TRUE,FALSE,FALSE,FALSE,TRUE,TRUE,TRUE,TRUE,TRUE,TRUE,TRUE,FALSE,1,272.15,536.5,1141.01,1.02007,0.892381775996296,1.18885196432222,1108,1225,0,3.51809,1.8,3394.0M,1.8,3394.0M,0
75,ParallelGC,396,47,16,4400,3.7,4,1960,145,19,6,1,3,FALSE,TRUE,FALSE,TRUE,FALSE,TRUE,FALSE,TRUE,FALSE,TRUE,TRUE,TRUE,TRUE,TRUE,FALSE,1,220.483,732,1012.92,0.750687,0.655673096333333,0.866631829288889,942,1084,0,3.41567,1.3,4010.0M,1.3,4010.0M,0
2,SerialGC,335,37,111,9530,13.3,6,3945,217,1,21,4,1,FALSE,TRUE,TRUE,TRUE,TRUE,TRUE,TRUE,TRUE,FALSE,FALSE,FALSE,FALSE,FALSE,TRUE,TRUE,1,202.033,824.333,533.95,1.27161,1.13552261165926,1.45964491584074,525,542,0,3.676,2.2,876.0M,2.2,876.0M,0
20,ShenandoahGC,454,41,58,4620,1,2,3935,153,18,14,5,3,FALSE,TRUE,FALSE,TRUE,FALSE,FALSE,FALSE,TRUE,TRUE,TRUE,TRUE,TRUE,TRUE,TRUE,FALSE,1,162.65,1090.33,1596.67,0.605633,0.525413216255556,0.702706519214815,1534,1665,0,3.54703,1,5178.0M,1,5178.0M,0
5,ZGC,344,25,20,5480,10.9,1,2930,174,16,31,8,1,TRUE,FALSE,TRUE,FALSE,FALSE,FALSE,TRUE,TRUE,FALSE,TRUE,FALSE,FALSE,TRUE,TRUE,TRUE,1,118.083,1606.17,297.594,0.771645,0.691025652014815,0.879030609159259,295,300,0,3.41207,1.3,5983.0M,1.3,5983.0M,0
40,SerialGC,331,26,156,5000,11.3,6,3760,156,15,11,3,2,TRUE,FALSE,FALSE,FALSE,TRUE,FALSE,TRUE,TRUE,FALSE,FALSE,TRUE,FALSE,FALSE,TRUE,TRUE,1,45.4333,4533.67,430.266,1.07664,0.988630153777778,1.22057605194444,422,438,0,3.5921,1.7,3638.0M,1.7,3638.0M,0
77,ParallelGC,353,21,182,2430,5.8,3,2905,166,2,8,1,3,TRUE,TRUE,FALSE,TRUE,TRUE,TRUE,TRUE,TRUE,TRUE,FALSE,TRUE,TRUE,TRUE,TRUE,TRUE,1,7.4,28014,552.123,3.71064,3.21890368709332,3.93773976058518,468,645,0,4.34527,3.8,3505.0M,3.8,3505.0M,442
7,SerialGC,470,42,16,1260,7.1,3,4980,122,15,17,10,3,TRUE,FALSE,TRUE,TRUE,TRUE,FALSE,TRUE,TRUE,TRUE,FALSE,TRUE,TRUE,TRUE,TRUE,FALSE,1,6.61667,28926.3,475.698,3.2601,3.01405753931111,3.51440511956667,471,478,0,4.51484,3.3,4450.0M,3.3,4450.0M,465.5
67,ZGC,381,28,196,4160,3.4,4,3210,99,9,9,2,3,TRUE,TRUE,FALSE,TRUE,FALSE,FALSE,FALSE,TRUE,FALSE,FALSE,TRUE,TRUE,TRUE,TRUE,FALSE,1,6.53333,29594.5,319.277,3.44825,3.2142941130319,3.63055086972593,312,329,0,4.25368,3.5,4884.0M,3.5,4884.0M,498.833
50,ShenandoahGC,340,45,7,3930,4.8,1,4250,230,15,46,3,3,FALSE,TRUE,FALSE,TRUE,FALSE,FALSE,FALSE,TRUE,TRUE,TRUE,TRUE,TRUE,TRUE,TRUE,TRUE,1,392.667,880.167,176.097,0.621709,0.389663400749514,0.911462996558732,0,375,0,3.36549,2.5,432.0M,2.5,432.0M,24246.7
8,G1GC,406,12,91,6110,7.5,1,2945,117,20,33,2,4,FALSE,FALSE,FALSE,TRUE,TRUE,FALSE,FALSE,TRUE,TRUE,TRUE,TRUE,FALSE,TRUE,FALSE,FALSE,1,658.283,78.1667,5.07845,0,0,0,0,181,0,3.13895,2.9,1162.0M,2.9,1162.0M,39688
0,G1GC,468,21,108,2080,9.3,8,1550,23,14,18,10,4,FALSE,FALSE,TRUE,TRUE,TRUE,FALSE,TRUE,FALSE,FALSE,FALSE,FALSE,FALSE,FALSE,FALSE,FALSE,,,,,,,,,,,,,,,,
1,G1GC,400,37,149,8500,4.4,6,4870,52,11,37,9,3,TRUE,TRUE,FALSE,TRUE,TRUE,FALSE,TRUE,FALSE,FALSE,TRUE,FALSE,TRUE,FALSE,FALSE,TRUE,,,,,,,,,,,,,,,,
4,ShenandoahGC,349,32,67,2260,13.7,5,4375,150,11,13,6,2,TRUE,TRUE,FALSE,FALSE,FALSE,TRUE,FALSE,FALSE,FALSE,TRUE,TRUE,TRUE,FALSE,FALSE,FALSE,,,,,,,,,,,,,,,,
6,G1GC,437,34,82,4700,2.7,3,1285,22,9,26,3,2,FALSE,FALSE,TRUE,FALSE,TRUE,FALSE,FALSE,FALSE,FALSE,FALSE,TRUE,FALSE,FALSE,FALSE,TRUE,,,,,,,,,,,,,,,,
9,SerialGC,463,17,115,9140,10.1,2,3555,90,1,23,4,4,FALSE,FALSE,FALSE,FALSE,TRUE,FALSE,TRUE,TRUE,TRUE,FALSE,TRUE,FALSE,TRUE,FALSE,TRUE,,,,,,,,,,,,,,,,
10,ParallelGC,391,9,180,7300,6.6,4,2170,236,20,48,1,0,FALSE,FALSE,FALSE,TRUE,TRUE,TRUE,FALSE,TRUE,TRUE,TRUE,TRUE,FALSE,TRUE,FALSE,FALSE,,,,,,,,,,,,,,,,
35,SerialGC,415,37,12,3080,5.4,2,1495,215,11,10,3,4,TRUE,TRUE,TRUE,TRUE,FALSE,FALSE,FALSE,TRUE,TRUE,FALSE,TRUE,TRUE,FALSE,FALSE,FALSE,,,,,,,,,,,,,,,,
38,ZGC,344,19,123,5990,4.1,6,3300,176,16,15,2,2,TRUE,FALSE,FALSE,TRUE,FALSE,TRUE,TRUE,TRUE,FALSE,FALSE,TRUE,FALSE,TRUE,FALSE,TRUE,,,,,,,,,,,,,,,,
44,ParallelGC,374,35,81,3910,6.1,4,2250,222,12,30,2,4,FALSE,TRUE,FALSE,TRUE,FALSE,TRUE,FALSE,TRUE,FALSE,TRUE,TRUE,TRUE,TRUE,FALSE,FALSE,,,,,,,,,,,,,,,,
47,ParallelGC,465,48,141,2910,1,3,3335,181,2,5,1,4,FALSE,TRUE,FALSE,TRUE,FALSE,TRUE,TRUE,TRUE,TRUE,TRUE,TRUE,FALSE,TRUE,FALSE,FALSE,,,,,,,,,,,,,,,,
58,ParallelGC,366,49,17,6540,3.1,5,3545,138,10,16,1,2,FALSE,TRUE,FALSE,FALSE,FALSE,TRUE,TRUE,TRUE,TRUE,TRUE,TRUE,TRUE,TRUE,FALSE,FALSE,,,,,,,,,,,,,,,,
76,ParallelGC,373,50,33,3040,4.4,2,2680,155,12,4,2,2,FALSE,TRUE,TRUE,TRUE,FALSE,FALSE,FALSE,FALSE,TRUE,TRUE,TRUE,FALSE,TRUE,FALSE,FALSE,,,,,,,,,,,,,,,,
88,SerialGC,350,32,46,2330,4.9,6,2975,227,5,28,5,4,FALSE,TRUE,FALSE,FALSE,FALSE,FALSE,TRUE,TRUE,FALSE,TRUE,TRUE,TRUE,FALSE,FALSE,TRUE,,,,,,,,,,,,,,,,

